{
  "total":  9,
  "results": [
    { "id": 1, "name": "Alexander" },
    { "id": 2, "name": "Andalusia" },
    { "id": 3, "name": "Anniston" },
    { "id": 4, "name": "Athens" },
    { "id": 5, "name": "Atmore" },
    { "id": 6, "name": "Auburn" },
    { "id": 7, "name": "Bessemer" },
    { "id": 8, "name": "Birmingham" },
    { "id": 9, "name": "Chickasaw" },
    { "id": 10, "name": "Clanton" },
    { "id": 11, "name": "Cullman" },
    { "id": 12, "name": "Decatur" },
    { "id": 13, "name": "Decatur" },
    { "id": 14, "name": "Demopolis" },
    { "id": 15, "name": "Dothan" },
    { "id": 16, "name": "Enterprise" },
    { "id": 17, "name": "Eufaula" },
    { "id": 18, "name": "Florence" },
    { "id": 19, "name": "Fort Payne" },
    { "id": 20, "name": "Gadsden" },    
    { "id": 21, "name": "Greenville" },
    { "id": 22, "name": "Guntersville" },
    { "id": 23, "name": "Huntsville" },
    { "id": 24, "name": "Jasper" },
    { "id": 25, "name": "Marion" },
    { "id": 26, "name": "Mobile" },
    { "id": 27, "name": "Montgomery" },
    { "id": 28, "name": "Opelika" },
    { "id": 29, "name": "Ozark" },
    { "id": 30, "name": "Phenix City" },    
    { "id": 31, "name": "Prichard" },
    { "id": 32, "name": "Scottsboro" },
    { "id": 33, "name": "Selma" },
    { "id": 34, "name": "Sheffield" },
    { "id": 35, "name": "Sylacauga" },
    { "id": 36, "name": "Talladega" },
    { "id": 37, "name": "Troy" },
    { "id": 38, "name": "Tuscaloosa" },
    { "id": 39, "name": "Tuscumbia" },
    { "id": 40, "name": "Tuskegee"},
    { "id": 41, "name": "Anchorage" },
    { "id": 42, "name": "Cordova" },
    { "id": 43, "name": "Fairbanks" },
    { "id": 44, "name": "Haines" },
    { "id": 45, "name": "Homer" },
    { "id": 46, "name": "Juneau" },
    { "id": 47, "name": "Ketchikan" },
    { "id": 48, "name": "Kodiak" },
    { "id": 49, "name": "Kotzebue" },
    { "id": 50, "name": "Nome" },
    { "id": 51, "name": "Palmer" },
    { "id": 52, "name": "Seward" },
    { "id": 53, "name": "Sitka" },
    { "id": 54, "name": "Skagway" },
    { "id": 55, "name": "Valdez" },
    { "id": 56, "name": "Ajo" },
    { "id": 57, "name": "Avondale" },
    { "id": 58, "name": "Bisbee" },
    { "id": 59, "name": "Casa Grande" },
    { "id": 60, "name": "Chandler" },
    { "id": 61, "name": "Clifton" },
    { "id": 62, "name": "Douglas" },
    { "id": 63, "name": "Flagstaff" },
    { "id": 64, "name": "Florence" },
    { "id": 65, "name": "Gila Bend" },
    { "id": 66, "name": "Glendale" },
    { "id": 67, "name": "Globe" },
    { "id": 68, "name": "Kingman" },
    { "id": 69, "name": "Lake Havasu City" },
    { "id": 70, "name": "Mesa" },
    { "id": 71, "name": "Nogales" },
    { "id": 72, "name": "Oraibi" },
    { "id": 73, "name": "Phoenix" },
    { "id": 74, "name": "Prescott" },
    { "id": 75, "name": "Scottsdale" },
    { "id": 76, "name": "Sierra Vista" },
    { "id": 77, "name": "Tempe" },
    { "id": 78, "name": "Tombstone" },
    { "id": 79, "name": "Tucson" },
    { "id": 80, "name": "Walpi" },
    { "id": 81, "name": "Window Rock" },
    { "id": 82, "name": "Winslow" },
    { "id": 83, "name": "Yuma" },  
    { "id": 84, "name": "Arkadelphia" },
    { "id": 85, "name": "Arkansas Post" },
    { "id": 86, "name": "Batesville" },
    { "id": 87, "name": "Benton" },
    { "id": 88, "name": "Blytheville" },
    { "id": 89, "name": "Camden" },
    { "id": 90, "name": "Conway" },
    { "id": 91, "name": "Crossett" },
    { "id": 92, "name": "El Dorado" },
    { "id": 93, "name": "Fayetteville" },
    { "id": 94, "name": "Forrest City" },
    { "id": 95, "name": "Fort Smith" },
    { "id": 96, "name": "Harrison" },
    { "id": 97, "name": "Helena" },
    { "id": 98, "name": "Hope" },
    { "id": 99, "name": "Hot Springs" },
    { "id": 100, "name": "Jacksonville" },
    { "id": 101, "name": "Jonesboro" },
    { "id": 102, "name": "Little Rock" },
    { "id": 103, "name": "Magnolia" },
    { "id": 104, "name": "Morrilton" },
    { "id": 105, "name": "Newport" },
    { "id": 106, "name": "North Little Rock" },
    { "id": 107, "name": "Osceola" },
    { "id": 108, "name": "Pine Bluff" },
    { "id": 109, "name": "Rogers" },
    { "id": 110, "name": "Searcy" },
    { "id": 111, "name": "Stuttgart" },
    { "id": 112, "name": "Van Buren" },
    { "id": 113, "name": "West Memphis" },
    { "id": 113, "name": "Alameda" },
    { "id": 113, "name": "Alhambra" },
    { "id": 113, "name": "Anaheim" },
    { "id": 113, "name": "Antioch" },
    { "id": 113, "name": "Arcadia" },
    { "id": 113, "name": "Bakersfield" },
    { "id": 113, "name": "Barstow" },
    { "id": 113, "name": "Belmont" },
    { "id": 113, "name": "Berkeley" },
    { "id": 113, "name": "Beverly Hills" },
    { "id": 113, "name": "Brea" },
    { "id": 113, "name": "Buena Park" },
    { "id": 113, "name": "Burbank" },
    { "id": 113, "name": "Calexico" },
    { "id": 113, "name": "Calistoga" },
    { "id": 113, "name": "Carlsbad" },
    { "id": 113, "name": "Carmel" },
    { "id": 113, "name": "Chico" },
    { "id": 113, "name": "Chula Vista" },
    { "id": 113, "name": "Claremont" },
    { "id": 113, "name": "Compton" },
    { "id": 113, "name": "Concord" },
    { "id": 113, "name": "Corona" },
    { "id": 113, "name": "Coronado" },
    { "id": 113, "name": "Costa Mesa" },
    { "id": 113, "name": "Culver City" },
    { "id": 113, "name": "Daly City" },
    { "id": 113, "name": "Davis" },
    { "id": 113, "name": "Downey" },
    { "id": 113, "name": "El Centro" },
    { "id": 113, "name": "El Cerrito" },
    { "id": 113, "name": "El Monte" },
    { "id": 113, "name": "Escondido" },
    { "id": 113, "name": "Eureka" },
    { "id": 113, "name": "Fairfield" },
    { "id": 113, "name": "Fontana" },
    { "id": 113, "name": "Fremont" },
    { "id": 113, "name": "Fresno" },
    { "id": 113, "name": "Fullerton" },
    { "id": 113, "name": "Garden Grove" },
    { "id": 113, "name": "Glendale" },
    { "id": 113, "name": "Hayward" },
    { "id": 113, "name": "Hollywood" },
    { "id": 113, "name": "Huntington Beach" },
    { "id": 113, "name": "Indio" },
    { "id": 113, "name": "Inglewood" },
    { "id": 113, "name": "Irvine" },
    { "id": 113, "name": "La Habra" },
    { "id": 113, "name": "Laguna Beach" },
    { "id": 113, "name": "Lancaster" },
    { "id": 113, "name": "Livermore" },
    { "id": 113, "name": "Lodi" },
    { "id": 113, "name": "Lompoc" },
    { "id": 113, "name": "Long Beach" },
    { "id": 113, "name": "Los Angeles" },
    { "id": 113, "name": "Malibu" },
    { "id": 113, "name": "Martinez" },
    { "id": 113, "name": "Marysville" },
    { "id": 113, "name": "Menlo Park" },
    { "id": 113, "name": "Merced" },
    { "id": 113, "name": "Modesto" },
    { "id": 113, "name": "Monterey" },
    { "id": 113, "name": "Mountain View" },
    { "id": 113, "name": "Napa" },
    { "id": 113, "name": "Needles" },
    { "id": 113, "name": "Newport Beach" },
    { "id": 113, "name": "Norwalk" },
    { "id": 113, "name": "Novato" },
    { "id": 113, "name": "Oakland" },
    { "id": 113, "name": "Oceanside" },
    { "id": 113, "name": "Ojai" },
    { "id": 113, "name": "Ontario" },
    { "id": 113, "name": "Orange" },
    { "id": 113, "name": "Oroville" },
    { "id": 113, "name": "Oxnard" },
    { "id": 113, "name": "Pacific Grove" },
    { "id": 113, "name": "Palm Springs" },
    { "id": 113, "name": "Palmdale" },
    { "id": 113, "name": "Palo Alto" },
    { "id": 113, "name": "Pasadena" },
    { "id": 113, "name": "Petaluma" },
    { "id": 113, "name": "Pomona" },
    { "id": 113, "name": "Port Hueneme" },
    { "id": 113, "name": "Rancho Cucamonga" },
    { "id": 113, "name": "Red Bluff" },
    { "id": 113, "name": "Redding" },
    { "id": 113, "name": "Redlands" },
    { "id": 113, "name": "Redondo Beach" },
    { "id": 113, "name": "Redwood City" },
    { "id": 113, "name": "Richmond" },
    { "id": 113, "name": "Riverside" },
    { "id": 113, "name": "Roseville" },
    { "id": 113, "name": "Sacramento" },
    { "id": 113, "name": "Salinas" },
    { "id": 113, "name": "San Bernardino" },
    { "id": 113, "name": "San Clemente" },
    { "id": 113, "name": "San Diego" },
    { "id": 113, "name": "San Fernando" },
    { "id": 113, "name": "San Francisco" },
    { "id": 113, "name": "San Gabriel" },
    { "id": 113, "name": "San Jose" },
    { "id": 113, "name": "San Juan Capistrano" },
    { "id": 113, "name": "San Leandro" },
    { "id": 113, "name": "San Luis Obispo" },
    { "id": 113, "name": "San Marino" },
    { "id": 113, "name": "San Mateo" },
    { "id": 113, "name": "San Pedro" },
    { "id": 113, "name": "San Rafael" },
    { "id": 113, "name": "San Simeon" },
    { "id": 113, "name": "Santa Ana" },
    { "id": 113, "name": "Santa Barbara" },
    { "id": 113, "name": "Santa Clara" },
    { "id": 113, "name": "Santa Clarita" },
    { "id": 113, "name": "Santa Cruz" },
    { "id": 113, "name": "Santa Monica" },
    { "id": 113, "name": "Santa Rosa" },
    { "id": 113, "name": "Sausalito" },
    { "id": 113, "name": "Simi Valley" },
    { "id": 113, "name": "Sonoma" },
    { "id": 113, "name": "South San Francisco" },
    { "id": 113, "name": "Stockton" },
    { "id": 113, "name": "Sunnyvale" },
    { "id": 113, "name": "Susanville" },
    { "id": 113, "name": "Thousand Oaks" },
    { "id": 113, "name": "Torrance" },
    { "id": 113, "name": "Turlock" },
    { "id": 113, "name": "Ukiah" },
    { "id": 113, "name": "Vallejo" },
    { "id": 113, "name": "Ventura" },
    { "id": 113, "name": "Victorville" },
    { "id": 113, "name": "Visalia" },
    { "id": 113, "name": "Walnut Creek" },
    { "id": 113, "name": "Watts" },
    { "id": 113, "name": "West Covina" },
    { "id": 113, "name": "Whittier" },
    { "id": 113, "name": "Woodland" },
    { "id": 113, "name": "Yorba Linda" },
    { "id": 113, "name": "Yuba City" },
    { "id": 113, "name": "Alamosa" },
    { "id": 113, "name": "Aspen" },
    { "id": 113, "name": "Aurora" },
    { "id": 113, "name": "Boulder" },
    { "id": 113, "name": "Breckenridge" },
    { "id": 113, "name": "Brighton" },
    { "id": 113, "name": "Canon City" },
    { "id": 113, "name": "Central City" },
    { "id": 113, "name": "Climax" },
    { "id": 113, "name": "Colorado Springs" },
    { "id": 113, "name": "Cortez" },
    { "id": 113, "name": "Cripple Creek" },
    { "id": 113, "name": "Denver" },
    { "id": 113, "name": "Durango" },
    { "id": 113, "name": "Englewood" },
    { "id": 113, "name": "Estes Park" },
    { "id": 113, "name": "Fort Collins" },
    { "id": 113, "name": "Fort Morgan" },
    { "id": 113, "name": "Georgetown" },
    { "id": 113, "name": "Glenwood Springs" },
    { "id": 113, "name": "Golden" },
    { "id": 113, "name": "Grand Junction" },
    { "id": 113, "name": "Greeley" },
    { "id": 113, "name": "Gunnison" },
    { "id": 113, "name": "La Junta" },
    { "id": 113, "name": "Leadville" },
    { "id": 113, "name": "Littleton" },
    { "id": 113, "name": "Longmont" },
    { "id": 113, "name": "Loveland" },
    { "id": 113, "name": "Montrose" },
    { "id": 113, "name": "Ouray" },
    { "id": 113, "name": "Pagosa Springs" },
    { "id": 113, "name": "Pueblo" },
    { "id": 113, "name": "Silverton" },
    { "id": 113, "name": "Steamboat Springs" },
    { "id": 113, "name": "Sterling" },
    { "id": 113, "name": "Telluride" },
    { "id": 113, "name": "Trinidad" },
    { "id": 113, "name": "Vail" },
    { "id": 113, "name": "Walsenburg" },
    { "id": 113, "name": "Westminster" },  
    { "id": 113, "name": "Ansonia" },
    { "id": 113, "name": "Berlin" },
    { "id": 113, "name": "Bloomfield" },
    { "id": 113, "name": "Branford" },
    { "id": 113, "name": "Bridgeport" },
    { "id": 113, "name": "Bristol" },
    { "id": 113, "name": "Coventry" },
    { "id": 113, "name": "Danbury" },
    { "id": 113, "name": "Darien" },
    { "id": 113, "name": "Derby" },
    { "id": 113, "name": "East Hartford" },
    { "id": 113, "name": "East Haven" },
    { "id": 113, "name": "Enfield" },
    { "id": 113, "name": "Fairfield" },
    { "id": 113, "name": "Farmington" },
    { "id": 113, "name": "Greenwich" },
    { "id": 113, "name": "Groton" },
    { "id": 113, "name": "Guilford" },
    { "id": 113, "name": "Hamden" },
    { "id": 113, "name": "Hartford" },
    { "id": 113, "name": "Lebanon" },
    { "id": 113, "name": "Litchfield" },
    { "id": 113, "name": "Manchester" },
    { "id": 113, "name": "Mansfield" },
    { "id": 113, "name": "Meriden" },
    { "id": 113, "name": "Middletown" },
    { "id": 113, "name": "Milford" },
    { "id": 113, "name": "Mystic" },
    { "id": 113, "name": "Naugatuck" },
    { "id": 113, "name": "New Britain" },
    { "id": 113, "name": "New Haven" },
    { "id": 113, "name": "New London" },
    { "id": 113, "name": "North Haven" },
    { "id": 113, "name": "Norwalk" },
    { "id": 113, "name": "Norwich" },
    { "id": 113, "name": "Old Saybrook" },
    { "id": 113, "name": "Orange" },
    { "id": 113, "name": "Seymour" },
    { "id": 113, "name": "Shelton" },
    { "id": 113, "name": "Simsbury" },
    { "id": 113, "name": "Southington" },
    { "id": 113, "name": "Stamford" },
    { "id": 113, "name": "Stonington" },
    { "id": 113, "name": "Stratford" },
    { "id": 113, "name": "Torrington" },
    { "id": 113, "name": "Wallingford" },
    { "id": 113, "name": "Waterbury" },
    { "id": 113, "name": "Waterford" },
    { "id": 113, "name": "Watertown" },
    { "id": 113, "name": "West Hartford" },
    { "id": 113, "name": "West Haven" },
    { "id": 113, "name": "Westport" },
    { "id": 113, "name": "Wethersfield" },
    { "id": 113, "name": "Willimantic" },
    { "id": 113, "name": "Windham" },
    { "id": 113, "name": "Windsor" },
    { "id": 113, "name": "Windsor Locks" },
    { "id": 113, "name": "Winsted" },
    { "id": 113, "name": "Dover" },
    { "id": 113, "name": "Lewes" },
    { "id": 113, "name": "Milford" },
    { "id": 113, "name": "New Castle" },
    { "id": 113, "name": "Newark" },
    { "id": 113, "name": "Smyrna" },
    { "id": 113, "name": "Wilmington" },
    { "id": 113, "name": "Apalachicola" },
    { "id": 113, "name": "Bartow" },
    { "id": 113, "name": "Belle Glade" },
    { "id": 113, "name": "Boca Raton" },
    { "id": 113, "name": "Bradenton" },
    { "id": 113, "name": "Cape Coral" },
    { "id": 113, "name": "Clearwater" },
    { "id": 113, "name": "Cocoa Beach" },
    { "id": 113, "name": "Cocoa-Rockledge" },
    { "id": 113, "name": "Coral Gables" },
    { "id": 113, "name": "Daytona Beach" },
    { "id": 113, "name": "De Land" },
    { "id": 113, "name": "Deerfield Beach" },
    { "id": 113, "name": "Delray Beach" },
    { "id": 113, "name": "Fernandina Beach" },
    { "id": 113, "name": "Fort Lauderdale" },
    { "id": 113, "name": "Fort Myers" },
    { "id": 113, "name": "Fort Pierce" },
    { "id": 113, "name": "Fort Walton Beach" },
    { "id": 113, "name": "Gainesville" },
    { "id": 113, "name": "Hallandale Beach" },
    { "id": 113, "name": "Hialeah" },
    { "id": 113, "name": "Hollywood" },
    { "id": 113, "name": "Homestead" },
    { "id": 113, "name": "Jacksonville" },
    { "id": 113, "name": "Key West" },
    { "id": 113, "name": "Lake City" },
    { "id": 113, "name": "Lake Wales" },
    { "id": 113, "name": "Lakeland" },
    { "id": 113, "name": "Largo" },
    { "id": 113, "name": "Melbourne" },
    { "id": 113, "name": "Miami" },
    { "id": 113, "name": "Miami Beach" },
    { "id": 113, "name": "Naples" },
    { "id": 113, "name": "New Smyrna Beach" },
    { "id": 113, "name": "Ocala" },
    { "id": 113, "name": "Orlando" },
    { "id": 113, "name": "Ormond Beach" },
    { "id": 113, "name": "Palatka" },
    { "id": 113, "name": "Palm Bay" },
    { "id": 113, "name": "Palm Beach" },
    { "id": 113, "name": "Panama City" },
    { "id": 113, "name": "Pensacola" },
    { "id": 113, "name": "Pompano Beach" },
    { "id": 113, "name": "Saint Augustine" },
    { "id": 113, "name": "Saint Petersburg" },
    { "id": 113, "name": "Sanford" },
    { "id": 113, "name": "Sarasota" },
    { "id": 113, "name": "Sebring" },
    { "id": 113, "name": "Tallahassee" },
    { "id": 113, "name": "Tampa" },
    { "id": 113, "name": "Tarpon Springs" },
    { "id": 113, "name": "Titusville" },
    { "id": 113, "name": "Venice" },
    { "id": 113, "name": "West Palm Beach" },
    { "id": 113, "name": "White Springs" },
    { "id": 113, "name": "Winter Haven" },
    { "id": 113, "name": "Winter Park" },
    { "id": 113, "name": "Albany" },
    { "id": 113, "name": "Americus" },
    { "id": 113, "name": "Andersonville" },
    { "id": 113, "name": "Athens" },
    { "id": 113, "name": "Atlanta" },
    { "id": 113, "name": "Augusta" },
    { "id": 113, "name": "Bainbridge" },
    { "id": 113, "name": "Blairsville" },
    { "id": 113, "name": "Brunswick" },
    { "id": 113, "name": "Calhoun" },
    { "id": 113, "name": "Carrollton" },
    { "id": 113, "name": "Columbus" },
    { "id": 113, "name": "Dahlonega" },
    { "id": 113, "name": "Dalton" },
    { "id": 113, "name": "Darien" },
    { "id": 113, "name": "Decatur" },
    { "id": 113, "name": "Douglas" },
    { "id": 113, "name": "East Point" },
    { "id": 113, "name": "Fitzgerald" },
    { "id": 113, "name": "Fort Valley" },
    { "id": 113, "name": "Gainesville" },
    { "id": 113, "name": "La Grange" },
    { "id": 113, "name": "Macon" },
    { "id": 113, "name": "Marietta" },
    { "id": 113, "name": "Milledgeville" },
    { "id": 113, "name": "Plains" },
    { "id": 113, "name": "Rome" },
    { "id": 113, "name": "Savannah" },
    { "id": 113, "name": "Toccoa" },
    { "id": 113, "name": "Valdosta" },
    { "id": 113, "name": "Warm Springs" },
    { "id": 113, "name": "Warner Robins" },
    { "id": 113, "name": "Washington" },
    { "id": 113, "name": "Waycros" },
    { "id": 113, "name": "Hanalei" },
    { "id": 113, "name": "Hilo" },
    { "id": 113, "name": "Honaunau" },
    { "id": 113, "name": "Honolulu" },
    { "id": 113, "name": "Kahului" },
    { "id": 113, "name": "Kaneohe" },
    { "id": 113, "name": "Kapaa" },
    { "id": 113, "name": "Kawaihae" },
    { "id": 113, "name": "Lahaina" },
    { "id": 113, "name": "Laie" },
    { "id": 113, "name": "Wahiawa" },
    { "id": 113, "name": "Wailuku" },
    { "id": 113, "name": "Waimea" },  
    { "id": 113, "name": "Blackfoot" },
    { "id": 113, "name": "Boise" },
    { "id": 113, "name": "Bonners Ferry" },
    { "id": 113, "name": "Caldwell" },
    { "id": 113, "name": "Coeur d’Alene" },
    { "id": 113, "name": "Idaho City" },
    { "id": 113, "name": "Idaho Falls" },
    { "id": 113, "name": "Kellogg" },
    { "id": 113, "name": "Lewiston" },
    { "id": 113, "name": "Moscow" },
    { "id": 113, "name": "Nampa" },
    { "id": 113, "name": "Pocatello" },
    { "id": 113, "name": "Priest River" },
    { "id": 113, "name": "Rexburg" },
    { "id": 113, "name": "Sun Valley" },
    { "id": 113, "name": "Twin Falls" },  
    { "id": 113, "name": "Alton" },
    { "id": 113, "name": "Arlington Heights" },
    { "id": 113, "name": "Arthur" },
    { "id": 113, "name": "Aurora" },
    { "id": 113, "name": "Belleville" },
    { "id": 113, "name": "Belvidere" },
    { "id": 113, "name": "Bloomington" },
    { "id": 113, "name": "Brookfield" },
    { "id": 113, "name": "Cahokia" },
    { "id": 113, "name": "Cairo" },
    { "id": 113, "name": "Calumet City" },
    { "id": 113, "name": "Canton" },
    { "id": 113, "name": "Carbondale" },
    { "id": 113, "name": "Carlinville" },
    { "id": 113, "name": "Carthage" },
    { "id": 113, "name": "Centralia" },
    { "id": 113, "name": "Champaign" },
    { "id": 113, "name": "Charleston" },
    { "id": 113, "name": "Chester" },
    { "id": 113, "name": "Chicago" },
    { "id": 113, "name": "Chicago Heights" },
    { "id": 113, "name": "Cicero" },
    { "id": 113, "name": "Collinsville" },
    { "id": 113, "name": "Danville" },
    { "id": 113, "name": "Decatur" },
    { "id": 113, "name": "DeKalb" },
    { "id": 113, "name": "Des Plaines" },
    { "id": 113, "name": "Dixon" },
    { "id": 113, "name": "East Moline" },
    { "id": 113, "name": "East Saint Louis" },
    { "id": 113, "name": "Effingham" },
    { "id": 113, "name": "Elgin" },
    { "id": 113, "name": "Elmhurst" },
    { "id": 113, "name": "Evanston" },
    { "id": 113, "name": "Freeport" },
    { "id": 113, "name": "Galena" },
    { "id": 113, "name": "Galesburg" },
    { "id": 113, "name": "Glen Ellyn" },
    { "id": 113, "name": "Glenview" },
    { "id": 113, "name": "Granite City" },
    { "id": 113, "name": "Harrisburg" },
    { "id": 113, "name": "Herrin" },
    { "id": 113, "name": "Highland Park" },
    { "id": 113, "name": "Jacksonville" },
    { "id": 113, "name": "Joliet" },
    { "id": 113, "name": "Kankakee" },
    { "id": 113, "name": "Kaskaskia" },
    { "id": 113, "name": "Kewanee" },
    { "id": 113, "name": "La Salle" },
    { "id": 113, "name": "Lake Forest" },
    { "id": 113, "name": "Libertyville" },
    { "id": 113, "name": "Lincoln" },
    { "id": 113, "name": "Lisle" },
    { "id": 113, "name": "Lombard" },
    { "id": 113, "name": "Macomb" },
    { "id": 113, "name": "Mattoon" },
    { "id": 113, "name": "Moline" },
    { "id": 113, "name": "Monmouth" },
    { "id": 113, "name": "Mount Vernon" },
    { "id": 113, "name": "Mundelein" },
    { "id": 113, "name": "Naperville" },
    { "id": 113, "name": "Nauvoo" },
    { "id": 113, "name": "Normal" },
    { "id": 113, "name": "North Chicago" },
    { "id": 113, "name": "Oak Park" },
    { "id": 113, "name": "Oregon" },
    { "id": 113, "name": "Ottawa" },
    { "id": 113, "name": "Palatine" },
    { "id": 113, "name": "Park Forest" },
    { "id": 113, "name": "Park Ridge" },
    { "id": 113, "name": "Pekin" },
    { "id": 113, "name": "Peoria" },
    { "id": 113, "name": "Petersburg" },
    { "id": 113, "name": "Pontiac" },
    { "id": 113, "name": "Quincy" },
    { "id": 113, "name": "Rantoul" },
    { "id": 113, "name": "River Forest" },
    { "id": 113, "name": "Rock Island" },
    { "id": 113, "name": "Rockford" },
    { "id": 113, "name": "Salem" },
    { "id": 113, "name": "Shawneetown" },
    { "id": 113, "name": "Skokie" },
    { "id": 113, "name": "South Holland" },
    { "id": 113, "name": "Springfield" },
    { "id": 113, "name": "Streator" },
    { "id": 113, "name": "Summit" },
    { "id": 113, "name": "Urbana" },
    { "id": 113, "name": "Vandalia" },
    { "id": 113, "name": "Virden" },
    { "id": 113, "name": "Waukegan" },
    { "id": 113, "name": "Wheaton" },
    { "id": 113, "name": "Wilmette" },
    { "id": 113, "name": "Winnetka" },
    { "id": 113, "name": "Wood River" },
    { "id": 113, "name": "Zion" },  
    { "id": 113, "name": "Anderson" },
    { "id": 113, "name": "Bedford" },
    { "id": 113, "name": "Bloomington" },
    { "id": 113, "name": "Columbus" },
    { "id": 113, "name": "Connersville" },
    { "id": 113, "name": "Corydon" },
    { "id": 113, "name": "Crawfordsville" },
    { "id": 113, "name": "East Chicago" },
    { "id": 113, "name": "Elkhart" },
    { "id": 113, "name": "Elwood" },
    { "id": 113, "name": "Evansville" },
    { "id": 113, "name": "Fort Wayne" },
    { "id": 113, "name": "French Lick" },
    { "id": 113, "name": "Gary" },
    { "id": 113, "name": "Geneva" },
    { "id": 113, "name": "Goshen" },
    { "id": 113, "name": "Greenfield" },
    { "id": 113, "name": "Hammond" },
    { "id": 113, "name": "Hobart" },
    { "id": 113, "name": "Huntington" },
    { "id": 113, "name": "Indianapolis" },
    { "id": 113, "name": "Jeffersonville" },
    { "id": 113, "name": "Kokomov" },
    { "id": 113, "name": "Lafayette" },
    { "id": 113, "name": "Madison" },
    { "id": 113, "name": "Marion" },
    { "id": 113, "name": "Michigan City" },
    { "id": 113, "name": "Mishawaka" },
    { "id": 113, "name": "Muncie" },
    { "id": 113, "name": "Nappanee" },
    { "id": 113, "name": "Nashville" },
    { "id": 113, "name": "New Albany" },
    { "id": 113, "name": "New Castle" },
    { "id": 113, "name": "New Harmony" },
    { "id": 113, "name": "Peru" },
    { "id": 113, "name": "Plymouth" },
    { "id": 113, "name": "Richmond" },
    { "id": 113, "name": "Santa Claus" },
    { "id": 113, "name": "Shelbyville" },
    { "id": 113, "name": "South Bend" },
    { "id": 113, "name": "Terre Haute" },
    { "id": 113, "name": "Valparaiso" },
    { "id": 113, "name": "Vincennes" },
    { "id": 113, "name": "Wabash" },
    { "id": 113, "name": "West Lafayette" },
    { "id": 113, "name": "Amana Colonies" },
    { "id": 113, "name": "Ames" },
    { "id": 113, "name": "Boone" },
    { "id": 113, "name": "Burlington" },
    { "id": 113, "name": "Cedar Falls" },
    { "id": 113, "name": "Cedar Rapids" },
    { "id": 113, "name": "Charles City" },
    { "id": 113, "name": "Cherokee" },
    { "id": 113, "name": "Clinton" },
    { "id": 113, "name": "Council Bluffs" },
    { "id": 113, "name": "Davenport" },
    { "id": 113, "name": "Des Moines" },
    { "id": 113, "name": "Dubuque" },
    { "id": 113, "name": "Estherville" },
    { "id": 113, "name": "Fairfield" },
    { "id": 113, "name": "Fort Dodge" },
    { "id": 113, "name": "Grinnell" },
    { "id": 113, "name": "Indianola" },
    { "id": 113, "name": "Iowa City" },
    { "id": 113, "name": "Keokuk" },
    { "id": 113, "name": "Mason City" },
    { "id": 113, "name": "Mount Pleasant" },
    { "id": 113, "name": "Muscatine" },
    { "id": 113, "name": "Newton" },
    { "id": 113, "name": "Oskaloosa" },
    { "id": 113, "name": "Ottumwa" },
    { "id": 113, "name": "Sioux City" },
    { "id": 113, "name": "Waterloo" },
    { "id": 113, "name": "Webster City" },
    { "id": 113, "name": "West Des Moines" },
    { "id": 113, "name": "Abilene" },
    { "id": 113, "name": "Arkansas City" },
    { "id": 113, "name": "Atchison" },
    { "id": 113, "name": "Chanute" },
    { "id": 113, "name": "Coffeyville" },
    { "id": 113, "name": "Council Grove" },
    { "id": 113, "name": "Dodge City" },
    { "id": 113, "name": "Emporia" },
    { "id": 113, "name": "Fort Scott" },
    { "id": 113, "name": "Garden City" },
    { "id": 113, "name": "Great Bend" },
    { "id": 113, "name": "Hays" },
    { "id": 113, "name": "Hutchinson" },
    { "id": 113, "name": "Independence" },
    { "id": 113, "name": "Junction City" },
    { "id": 113, "name": "Kansas City" },
    { "id": 113, "name": "Lawrence" },
    { "id": 113, "name": "Leavenworth" },
    { "id": 113, "name": "Liberal" },
    { "id": 113, "name": "Manhattan" },
    { "id": 113, "name": "McPherson" },
    { "id": 113, "name": "Medicine Lodge" },
    { "id": 113, "name": "Newton" },
    { "id": 113, "name": "Olathe" },
    { "id": 113, "name": "Osawatomie" },
    { "id": 113, "name": "Ottawa" },
    { "id": 113, "name": "Overland Park" },
    { "id": 113, "name": "Pittsburg" },
    { "id": 113, "name": "Salina" },
    { "id": 113, "name": "Shawnee" },
    { "id": 113, "name": "Smith Center" },
    { "id": 113, "name": "Topeka" },
    { "id": 113, "name": "Wichita" },
    { "id": 113, "name": "Ashland" },
    { "id": 113, "name": "Barbourville" },
    { "id": 113, "name": "Bardstown" },
    { "id": 113, "name": "Berea" },
    { "id": 113, "name": "Boonesborough" },
    { "id": 113, "name": "Bowling Green" },
    { "id": 113, "name": "Campbellsville" },
    { "id": 113, "name": "Covington" },
    { "id": 113, "name": "Danville" },
    { "id": 113, "name": "Elizabethtown" },
    { "id": 113, "name": "Frankfort" },
    { "id": 113, "name": "Harlan" },
    { "id": 113, "name": "Harrodsburg" },
    { "id": 113, "name": "Hazard" },
    { "id": 113, "name": "Henderson" },
    { "id": 113, "name": "Hodgenville" },
    { "id": 113, "name": "Hopkinsville" },
    { "id": 113, "name": "Lexington" },
    { "id": 113, "name": "Louisville" },
    { "id": 113, "name": "Mayfield" },
    { "id": 113, "name": "Maysville" },
    { "id": 113, "name": "Middlesboro" },
    { "id": 113, "name": "Newport" },
    { "id": 113, "name": "Owensboro" },
    { "id": 113, "name": "Paducah" },
    { "id": 113, "name": "Paris" },
    { "id": 113, "name": "Richmond" },
    { "id": 113, "name": "Abbeville" },
    { "id": 113, "name": "Alexandria" },
    { "id": 113, "name": "Bastrop" },
    { "id": 113, "name": "Baton Rouge" },
    { "id": 113, "name": "Bogalusa" },
    { "id": 113, "name": "Bossier City" },
    { "id": 113, "name": "Gretna" },
    { "id": 113, "name": "Houma" },
    { "id": 113, "name": "Lafayette" },
    { "id": 113, "name": "Lake Charles" },
    { "id": 113, "name": "Monroe" },
    { "id": 113, "name": "Morgan City" },
    { "id": 113, "name": "Natchitoches" },
    { "id": 113, "name": "New Iberia" },
    { "id": 113, "name": "New Orleans" },
    { "id": 113, "name": "Opelousas" },
    { "id": 113, "name": "Ruston" },
    { "id": 113, "name": "Saint Martinville" },
    { "id": 113, "name": "Shreveport" },
    { "id": 113, "name": "Thibodaux" },
    { "id": 113, "name": "Auburn" },
    { "id": 113, "name": "Augusta" },
    { "id": 113, "name": "Bangor" },
    { "id": 113, "name": "Bar Harbor" },
    { "id": 113, "name": "Bath" },
    { "id": 113, "name": "Belfast" },
    { "id": 113, "name": "Biddeford" },
    { "id": 113, "name": "Boothbay Harbor" },
    { "id": 113, "name": "Brunswick" },
    { "id": 113, "name": "Calais" },
    { "id": 113, "name": "Caribou" },
    { "id": 113, "name": "Castine" },
    { "id": 113, "name": "Eastport" },
    { "id": 113, "name": "Ellsworth" },
    { "id": 113, "name": "Farmington" },
    { "id": 113, "name": "Fort Kent" },
    { "id": 113, "name": "Gardiner" },
    { "id": 113, "name": "Houlton" },
    { "id": 113, "name": "Kennebunkport" },
    { "id": 113, "name": "Kittery" },
    { "id": 113, "name": "Lewiston" },
    { "id": 113, "name": "Lubec" },
    { "id": 113, "name": "Machias" },
    { "id": 113, "name": "Orono" },
    { "id": 113, "name": "Portland" },
    { "id": 113, "name": "Presque Isle" },
    { "id": 113, "name": "Rockland" },
    { "id": 113, "name": "Rumford" },
    { "id": 113, "name": "Saco" },
    { "id": 113, "name": "Scarborough" },
    { "id": 113, "name": "Waterville" },
    { "id": 113, "name": "York" },
    { "id": 113, "name": "Aberdeen" },
    { "id": 113, "name": "Annapolis" },
    { "id": 113, "name": "Baltimore" },
    { "id": 113, "name": "Bethesda-Chevy Chase" },
    { "id": 113, "name": "Bowie" },
    { "id": 113, "name": "Cambridge" },
    { "id": 113, "name": "Catonsville" },
    { "id": 113, "name": "College Park" },
    { "id": 113, "name": "Columbia" },
    { "id": 113, "name": "Cumberland" },
    { "id": 113, "name": "Easton" },
    { "id": 113, "name": "Elkton" },
    { "id": 113, "name": "Emmitsburg" },
    { "id": 113, "name": "Frederick" },
    { "id": 113, "name": "Greenbelt" },
    { "id": 113, "name": "Hagerstown" },
    { "id": 113, "name": "Hyattsville" },
    { "id": 113, "name": "Laurel" },
    { "id": 113, "name": "Oakland" },
    { "id": 113, "name": "Ocean City" },
    { "id": 113, "name": "Rockville" },
    { "id": 113, "name": "Saint Marys City" },
    { "id": 113, "name": "Salisbury" },
    { "id": 113, "name": "Silver Spring" },
    { "id": 113, "name": "Takoma Park" },
    { "id": 113, "name": "Towson" },
    { "id": 113, "name": "Westminster" },
    { "id": 113, "name": "Abington" },
    { "id": 113, "name": "Adams" },
    { "id": 113, "name": "Amesbury" },
    { "id": 113, "name": "Amherst" },
    { "id": 113, "name": "Andover" },
    { "id": 113, "name": "Arlington" },
    { "id": 113, "name": "Athol" },
    { "id": 113, "name": "Attleboro" },
    { "id": 113, "name": "Barnstable" },
    { "id": 113, "name": "Bedford" },
    { "id": 113, "name": "Beverly" },
    { "id": 113, "name": "Boston" },
    { "id": 113, "name": "Bourne" },
    { "id": 113, "name": "Braintree" },
    { "id": 113, "name": "Brockton" },
    { "id": 113, "name": "Brookline" },
    { "id": 113, "name": "Cambridge" },
    { "id": 113, "name": "Canton" },
    { "id": 113, "name": "Charlestown" },
    { "id": 113, "name": "Chelmsford" },
    { "id": 113, "name": "Chelsea" },
    { "id": 113, "name": "Chicopee" },
    { "id": 113, "name": "Clinton" },
    { "id": 113, "name": "Cohasset" },
    { "id": 113, "name": "Concord" },
    { "id": 113, "name": "Danvers" },
    { "id": 113, "name": "Dartmouth" },
    { "id": 113, "name": "Dedham" },
    { "id": 113, "name": "Dennis" },
    { "id": 113, "name": "Duxbury" },
    { "id": 113, "name": "Eastham" },
    { "id": 113, "name": "Edgartown" },
    { "id": 113, "name": "Everett" },
    { "id": 113, "name": "Fairhaven" },
    { "id": 113, "name": "Fall River" },
    { "id": 113, "name": "Falmouth" },
    { "id": 113, "name": "Fitchburg" },
    { "id": 113, "name": "Framingham" },
    { "id": 113, "name": "Gloucester" },
    { "id": 113, "name": "Great Barrington" },
    { "id": 113, "name": "Greenfield" },
    { "id": 113, "name": "Groton" },
    { "id": 113, "name": "Harwich" },
    { "id": 113, "name": "Haverhill" },
    { "id": 113, "name": "Hingham" },
    { "id": 113, "name": "Holyoke" },
    { "id": 113, "name": "Hyannis" },
    { "id": 113, "name": "Ipswich" },
    { "id": 113, "name": "Lawrence" },
    { "id": 113, "name": "Lenox" },
    { "id": 113, "name": "Leominster" },
    { "id": 113, "name": "Lexington" },
    { "id": 113, "name": "Lowell" },
    { "id": 113, "name": "Ludlow" },
    { "id": 113, "name": "Lynn" },
    { "id": 113, "name": "Malden" },
    { "id": 113, "name": "Marblehead" },
    { "id": 113, "name": "Marlborough" },
    { "id": 113, "name": "Medford" },
    { "id": 113, "name": "Milton" },
    { "id": 113, "name": "Nahant" },
    { "id": 113, "name": "Natick" },
    { "id": 113, "name": "New Bedford" },
    { "id": 113, "name": "Newburyport" },
    { "id": 113, "name": "Newton" },
    { "id": 113, "name": "North Adams" },
    { "id": 113, "name": "Northampton" },
    { "id": 113, "name": "Norton" },
    { "id": 113, "name": "Norwood" },
    { "id": 113, "name": "Peabody" },
    { "id": 113, "name": "Pittsfield" },
    { "id": 113, "name": "Plymouth" },
    { "id": 113, "name": "Provincetown" },
    { "id": 113, "name": "Quincy" },
    { "id": 113, "name": "Randolph" },
    { "id": 113, "name": "Revere" },
    { "id": 113, "name": "Salem" },
    { "id": 113, "name": "Sandwich" },
    { "id": 113, "name": "Saugus" },
    { "id": 113, "name": "Somerville" },
    { "id": 113, "name": "South Hadley" },
    { "id": 113, "name": "Springfield" },
    { "id": 113, "name": "Stockbridge" },
    { "id": 113, "name": "Stoughton" },
    { "id": 113, "name": "Sturbridge" },
    { "id": 113, "name": "Sudbury" },
    { "id": 113, "name": "Taunton" },
    { "id": 113, "name": "Tewksbury" },
    { "id": 113, "name": "Truro" },
    { "id": 113, "name": "Watertown" },
    { "id": 113, "name": "Webster" },
    { "id": 113, "name": "Wellesley" },
    { "id": 113, "name": "Wellfleet" },
    { "id": 113, "name": "West Bridgewater" },
    { "id": 113, "name": "West Springfield" },
    { "id": 113, "name": "Westfield" },
    { "id": 113, "name": "Weymouth" },
    { "id": 113, "name": "Whitman" },
    { "id": 113, "name": "Williamstown" },
    { "id": 113, "name": "Woburn" },
    { "id": 113, "name": "Woods Hole" },
    { "id": 113, "name": "Worcester" },
    { "id": 113, "name": "Adrian" },
    { "id": 113, "name": "Alma" },
    { "id": 113, "name": "Ann Arbor" },
    { "id": 113, "name": "Battle Creek" },
    { "id": 113, "name": "Bay City" },
    { "id": 113, "name": "Benton Harbor" },
    { "id": 113, "name": "Bloomfield Hills" },
    { "id": 113, "name": "Cadillac" },
    { "id": 113, "name": "Charlevoix" },
    { "id": 113, "name": "Cheboygan" },
    { "id": 113, "name": "Dearborn" },
    { "id": 113, "name": "Detroit" },
    { "id": 113, "name": "East Lansing" },
    { "id": 113, "name": "Eastpointe" },
    { "id": 113, "name": "Ecorse" },
    { "id": 113, "name": "Escanaba" },
    { "id": 113, "name": "Flint" },
    { "id": 113, "name": "Grand Haven" },
    { "id": 113, "name": "Grand Rapids" },
    { "id": 113, "name": "Grayling" },
    { "id": 113, "name": "Grosse Pointe" },
    { "id": 113, "name": "Hancock" },
    { "id": 113, "name": "Highland Park" },
    { "id": 113, "name": "Holland" },
    { "id": 113, "name": "Houghton" },
    { "id": 113, "name": "Interlochen" },
    { "id": 113, "name": "Iron Mountain" },
    { "id": 113, "name": "Ironwood" },
    { "id": 113, "name": "Ishpeming" },
    { "id": 113, "name": "Jackson" },
    { "id": 113, "name": "Kalamazoo" },
    { "id": 113, "name": "Lansing" },
    { "id": 113, "name": "Livonia" },
    { "id": 113, "name": "Ludington" },
    { "id": 113, "name": "Mackinaw City" },
    { "id": 113, "name": "Manistee" },
    { "id": 113, "name": "Marquette" },
    { "id": 113, "name": "Menominee" },
    { "id": 113, "name": "Midland" },
    { "id": 113, "name": "Monroe" },
    { "id": 113, "name": "Mount Clemens" },
    { "id": 113, "name": "Mount Pleasant" },
    { "id": 113, "name": "Muskegon" },
    { "id": 113, "name": "Niles" },
    { "id": 113, "name": "Petoskey" },
    { "id": 113, "name": "Pontiac" },
    { "id": 113, "name": "Port Huron" },
    { "id": 113, "name": "Royal Oak" },
    { "id": 113, "name": "Saginaw" },
    { "id": 113, "name": "Saint Ignace" },
    { "id": 113, "name": "Saint Joseph" },
    { "id": 113, "name": "Sault Sainte Marie" },
    { "id": 113, "name": "Traverse City" },
    { "id": 113, "name": "Trenton" },
    { "id": 113, "name": "Warren" },
    { "id": 113, "name": "Wyandotte" },
    { "id": 113, "name": "Ypsilanti" },
    { "id": 113, "name": "Albert Lea" },
    { "id": 113, "name": "Alexandria" },
    { "id": 113, "name": "Austin" },
    { "id": 113, "name": "Bemidji" },
    { "id": 113, "name": "Bloomington" },
    { "id": 113, "name": "Brainerd" },
    { "id": 113, "name": "Crookston" },
    { "id": 113, "name": "Duluth" },
    { "id": 113, "name": "Ely" },
    { "id": 113, "name": "Eveleth" },
    { "id": 113, "name": "Faribault" },
    { "id": 113, "name": "Fergus Falls" },
    { "id": 113, "name": "Hastings" },
    { "id": 113, "name": "Hibbing" },
    { "id": 113, "name": "International Falls" },
    { "id": 113, "name": "Little Falls" },
    { "id": 113, "name": "Mankato" },
    { "id": 113, "name": "Minneapolis" },
    { "id": 113, "name": "Moorhead" },
    { "id": 113, "name": "New Ulm" },
    { "id": 113, "name": "Northfield" },
    { "id": 113, "name": "Owatonna" },
    { "id": 113, "name": "Pipestone" },
    { "id": 113, "name": "Red Wing" },
    { "id": 113, "name": "Rochester" },
    { "id": 113, "name": "Saint Cloud" },
    { "id": 113, "name": "Saint Paul" },
    { "id": 113, "name": "Sauk Centre" },
    { "id": 113, "name": "South Saint Paul" },
    { "id": 113, "name": "Stillwater" },
    { "id": 113, "name": "Virginia" },
    { "id": 113, "name": "Willmar" },
    { "id": 113, "name": "Winona" },
    { "id": 113, "name": "Bay Saint Louis" },
    { "id": 113, "name": "Biloxi" },
    { "id": 113, "name": "Canton" },
    { "id": 113, "name": "Clarksdale" },
    { "id": 113, "name": "Columbia" },
    { "id": 113, "name": "Columbus" },
    { "id": 113, "name": "Corinth" },
    { "id": 113, "name": "Greenville" },
    { "id": 113, "name": "Greenwood" },
    { "id": 113, "name": "Grenada" },
    { "id": 113, "name": "Gulfport" },
    { "id": 113, "name": "Hattiesburg" },
    { "id": 113, "name": "Holly Springs" },
    { "id": 113, "name": "Jackson" },
    { "id": 113, "name": "Laurel" },
    { "id": 113, "name": "Meridian" },
    { "id": 113, "name": "Natchez" },
    { "id": 113, "name": "Ocean Springs" },
    { "id": 113, "name": "Oxford" },
    { "id": 113, "name": "Pascagoula" },
    { "id": 113, "name": "Pass Christian" },
    { "id": 113, "name": "Philadelphia" },
    { "id": 113, "name": "Port Gibson" },
    { "id": 113, "name": "Starkville" },
    { "id": 113, "name": "Tupelo" },
    { "id": 113, "name": "Vicksburg" },
    { "id": 113, "name": "West Point" },
    { "id": 113, "name": "Yazoo City" },
    { "id": 113, "name": "Boonville" },
    { "id": 113, "name": "Branson" },
    { "id": 113, "name": "Cape Girardeau" },
    { "id": 113, "name": "Carthage" },
    { "id": 113, "name": "Chillicothe" },
    { "id": 113, "name": "Clayton" },
    { "id": 113, "name": "Columbia" },
    { "id": 113, "name": "Excelsior Springs" },
    { "id": 113, "name": "Ferguson" },
    { "id": 113, "name": "Florissant" },
    { "id": 113, "name": "Fulton" },
    { "id": 113, "name": "Hannibal" },
    { "id": 113, "name": "Independence" },
    { "id": 113, "name": "Jefferson City" },
    { "id": 113, "name": "Joplin" },
    { "id": 113, "name": "Kansas City" },
    { "id": 113, "name": "Kirksville" },
    { "id": 113, "name": "Lamar" },
    { "id": 113, "name": "Lebanon" },
    { "id": 113, "name": "Lexington" },
    { "id": 113, "name": "Maryville" },
    { "id": 113, "name": "Mexico" },
    { "id": 113, "name": "Monett" },
    { "id": 113, "name": "Neosho" },
    { "id": 113, "name": "New Madrid" },
    { "id": 113, "name": "Rolla" },
    { "id": 113, "name": "Saint Charles" },
    { "id": 113, "name": "Saint Joseph" },
    { "id": 113, "name": "Saint Louis" },
    { "id": 113, "name": "Sainte Genevieve" },
    { "id": 113, "name": "Salem" },
    { "id": 113, "name": "Sedalia" },
    { "id": 113, "name": "Springfield" },
    { "id": 113, "name": "Warrensburg" },
    { "id": 113, "name": "West Plains" },
    { "id": 113, "name": "Anaconda" },
    { "id": 113, "name": "Billings" },
    { "id": 113, "name": "Bozeman" },
    { "id": 113, "name": "Butte" },
    { "id": 113, "name": "Dillon" },
    { "id": 113, "name": "Fort Benton" },
    { "id": 113, "name": "Glendive" },
    { "id": 113, "name": "Great Falls" },
    { "id": 113, "name": "Havre" },
    { "id": 113, "name": "Helena" },
    { "id": 113, "name": "Kalispell" },
    { "id": 113, "name": "Lewistown" },
    { "id": 113, "name": "Livingston" },
    { "id": 113, "name": "Miles City" },
    { "id": 113, "name": "Missoula" },
    { "id": 113, "name": "Virginia City" },
    { "id": 113, "name": "Beatrice" },
    { "id": 113, "name": "Bellevue" },
    { "id": 113, "name": "Boys Town" },
    { "id": 113, "name": "Chadron" },
    { "id": 113, "name": "Columbus" },
    { "id": 113, "name": "Fremont" },
    { "id": 113, "name": "Grand Island" },
    { "id": 113, "name": "Hastings" },
    { "id": 113, "name": "Kearney" },
    { "id": 113, "name": "Lincoln" },
    { "id": 113, "name": "McCook" },
    { "id": 113, "name": "Minden" },
    { "id": 113, "name": "Nebraska City" },
    { "id": 113, "name": "Norfolk" },
    { "id": 113, "name": "North Platte" },
    { "id": 113, "name": "Omaha" },
    { "id": 113, "name": "Plattsmouth" },
    { "id": 113, "name": "Red Cloud" },
    { "id": 113, "name": "Sidney" },
    { "id": 113, "name": "Boulder City" },
    { "id": 113, "name": "Carson City" },
    { "id": 113, "name": "Elko" },
    { "id": 113, "name": "Ely" },
    { "id": 113, "name": "Fallon" },
    { "id": 113, "name": "Genoa" },
    { "id": 113, "name": "Goldfield" },
    { "id": 113, "name": "Henderson" },
    { "id": 113, "name": "Las Vegas" },
    { "id": 113, "name": "North Las Vegas" },
    { "id": 113, "name": "Reno" },
    { "id": 113, "name": "Sparks" },
    { "id": 113, "name": "Virginia City" },
    { "id": 113, "name": "Winnemucca" },
    { "id": 113, "name": "Berlin" },
    { "id": 113, "name": "Claremont" },
    { "id": 113, "name": "Concord" },
    { "id": 113, "name": "Derry" },
    { "id": 113, "name": "Dover" },
    { "id": 113, "name": "Durham" },
    { "id": 113, "name": "Exeter" },
    { "id": 113, "name": "Franklin" },
    { "id": 113, "name": "Hanover" },
    { "id": 113, "name": "Hillsborough" },
    { "id": 113, "name": "Keene" },
    { "id": 113, "name": "Laconia" },
    { "id": 113, "name": "Lebanon" },
    { "id": 113, "name": "Manchester" },
    { "id": 113, "name": "Nashua" },
    { "id": 113, "name": "Peterborough" },
    { "id": 113, "name": "Plymouth" },
    { "id": 113, "name": "Portsmouth" },
    { "id": 113, "name": "Rochester" },
    { "id": 113, "name": "Salem" },
    { "id": 113, "name": "Somersworth" },
    { "id": 113, "name": "Asbury Park" },
    { "id": 113, "name": "Atlantic City" },
    { "id": 113, "name": "Bayonne" },
    { "id": 113, "name": "Bloomfield" },
    { "id": 113, "name": "Bordentown" },
    { "id": 113, "name": "Bound Brook" },
    { "id": 113, "name": "Bridgeton" },
    { "id": 113, "name": "Burlington" },
    { "id": 113, "name": "Caldwell" },
    { "id": 113, "name": "Camden" },
    { "id": 113, "name": "Cape May" },
    { "id": 113, "name": "Clifton" },
    { "id": 113, "name": "Cranford" },
    { "id": 113, "name": "East Orange" },
    { "id": 113, "name": "Edison" },
    { "id": 113, "name": "Elizabeth" },
    { "id": 113, "name": "Englewood" },
    { "id": 113, "name": "Fort Lee" },
    { "id": 113, "name": "Glassboro" },
    { "id": 113, "name": "Hackensack" },
    { "id": 113, "name": "Haddonfield" },
    { "id": 113, "name": "Hoboken" },
    { "id": 113, "name": "Irvington" },
    { "id": 113, "name": "Jersey City" },
    { "id": 113, "name": "Lakehurst" },
    { "id": 113, "name": "Lakewood" },
    { "id": 113, "name": "Long Beach" },
    { "id": 113, "name": "Long Branch" },
    { "id": 113, "name": "Madison" },
    { "id": 113, "name": "Menlo Park" },
    { "id": 113, "name": "Millburn" },
    { "id": 113, "name": "Millville" },
    { "id": 113, "name": "Montclair" },
    { "id": 113, "name": "Morristown" },
    { "id": 113, "name": "Mount Holly" },
    { "id": 113, "name": "New Brunswick" },
    { "id": 113, "name": "New Milford" },
    { "id": 113, "name": "Newark" },
    { "id": 113, "name": "Ocean City" },
    { "id": 113, "name": "Orange" },
    { "id": 113, "name": "Parsippany–Troy Hills" },
    { "id": 113, "name": "Passaic" },
    { "id": 113, "name": "Paterson" },
    { "id": 113, "name": "Perth Amboy" },
    { "id": 113, "name": "Plainfield" },
    { "id": 113, "name": "Princeton" },
    { "id": 113, "name": "Ridgewood" },
    { "id": 113, "name": "Roselle" },
    { "id": 113, "name": "Rutherford" },
    { "id": 113, "name": "Salem" },
    { "id": 113, "name": "Somerville" },
    { "id": 113, "name": "South Orange Village" },
    { "id": 113, "name": "Totowa" },
    { "id": 113, "name": "Trenton" },
    { "id": 113, "name": "Union" },
    { "id": 113, "name": "Union City" },
    { "id": 113, "name": "Vineland" },
    { "id": 113, "name": "Wayne" },
    { "id": 113, "name": "Weehawken" },
    { "id": 113, "name": "West New York" },
    { "id": 113, "name": "West Orange" },
    { "id": 113, "name": "Willingboro" },
    { "id": 113, "name": "Woodbridge" },
    { "id": 113, "name": "Acoma" },
    { "id": 113, "name": "Alamogordo" },
    { "id": 113, "name": "Albuquerque" },
    { "id": 113, "name": "Artesia" },
    { "id": 113, "name": "Belen" },
    { "id": 113, "name": "Carlsbad" },
    { "id": 113, "name": "Clovis" },
    { "id": 113, "name": "Deming" },
    { "id": 113, "name": "Farmington" },
    { "id": 113, "name": "Gallup" },
    { "id": 113, "name": "Grants" },
    { "id": 113, "name": "Hobbs" },
    { "id": 113, "name": "Las Cruces" },
    { "id": 113, "name": "Las Vegas" },
    { "id": 113, "name": "Los Alamos" },
    { "id": 113, "name": "Lovington" },
    { "id": 113, "name": "Portales" },
    { "id": 113, "name": "Raton" },
    { "id": 113, "name": "Roswell" },
    { "id": 113, "name": "Santa Fe" },
    { "id": 113, "name": "Shiprock" },
    { "id": 113, "name": "Silver City" },
    { "id": 113, "name": "Socorro" },
    { "id": 113, "name": "Taos" },
    { "id": 113, "name": "Truth or Consequences" },
    { "id": 113, "name": "Tucumcari" },
    { "id": 113, "name": "Albany" },
    { "id": 113, "name": "Amsterdam" },
    { "id": 113, "name": "Auburn" },
    { "id": 113, "name": "Babylon" },
    { "id": 113, "name": "Batavia" },
    { "id": 113, "name": "Beacon" },
    { "id": 113, "name": "Bedford" },
    { "id": 113, "name": "Binghamton" },
    { "id": 113, "name": "Bronx" },
    { "id": 113, "name": "Brooklyn" },
    { "id": 113, "name": "Buffalo" },
    { "id": 113, "name": "Chautauqua" },
    { "id": 113, "name": "Cheektowaga" },
    { "id": 113, "name": "Clinton" },
    { "id": 113, "name": "Cohoes" },
    { "id": 113, "name": "Coney Island" },
    { "id": 113, "name": "Cooperstown" },
    { "id": 113, "name": "Corning" },
    { "id": 113, "name": "Cortland" },
    { "id": 113, "name": "Crown Point" },
    { "id": 113, "name": "Dunkirk" },
    { "id": 113, "name": "East Aurora" },
    { "id": 113, "name": "East Hampton" },
    { "id": 113, "name": "Eastchester" },
    { "id": 113, "name": "Elmira" },
    { "id": 113, "name": "Flushing" },
    { "id": 113, "name": "Forest Hills" },
    { "id": 113, "name": "Fredonia" },
    { "id": 113, "name": "Garden City" },
    { "id": 113, "name": "Geneva" },
    { "id": 113, "name": "Glens Falls" },
    { "id": 113, "name": "Gloversville" },
    { "id": 113, "name": "Great Neck" },
    { "id": 113, "name": "Hammondsport" },
    { "id": 113, "name": "Harlem" },
    { "id": 113, "name": "Hempstead" },
    { "id": 113, "name": "Herkimer" },
    { "id": 113, "name": "Hudson" },
    { "id": 113, "name": "Huntington" },
    { "id": 113, "name": "Hyde Park" },
    { "id": 113, "name": "Ilion" },
    { "id": 113, "name": "Ithaca" },
    { "id": 113, "name": "Jamestown" },
    { "id": 113, "name": "Johnstown" },
    { "id": 113, "name": "Kingston" },
    { "id": 113, "name": "Lackawanna" },
    { "id": 113, "name": "Lake Placid" },
    { "id": 113, "name": "Levittown" },
    { "id": 113, "name": "Lockport" },
    { "id": 113, "name": "Mamaroneck" },
    { "id": 113, "name": "Manhattan" },
    { "id": 113, "name": "Massena" },
    { "id": 113, "name": "Middletown" },
    { "id": 113, "name": "Mineola" },
    { "id": 113, "name": "Mount Vernon" },
    { "id": 113, "name": "New Paltz" },
    { "id": 113, "name": "New Rochelle" },
    { "id": 113, "name": "New Windsor" },
    { "id": 113, "name": "New York City" },
    { "id": 113, "name": "Newburgh" },
    { "id": 113, "name": "Niagara Falls" },
    { "id": 113, "name": "North Hempstead" },
    { "id": 113, "name": "Nyack" },
    { "id": 113, "name": "Ogdensburg" },
    { "id": 113, "name": "Olean" },
    { "id": 113, "name": "Oneida" },
    { "id": 113, "name": "Oneonta" },
    { "id": 113, "name": "Ossining" },
    { "id": 113, "name": "Oswego" },
    { "id": 113, "name": "Oyster Bay" },
    { "id": 113, "name": "Palmyra" },
    { "id": 113, "name": "Peekskill" },
    { "id": 113, "name": "Plattsburgh" },
    { "id": 113, "name": "Port Washington" },
    { "id": 113, "name": "Potsdam" },
    { "id": 113, "name": "Poughkeepsie" },
    { "id": 113, "name": "Queens" },
    { "id": 113, "name": "Rensselaer" },
    { "id": 113, "name": "Rochester" },
    { "id": 113, "name": "Rome" },
    { "id": 113, "name": "Rotterdam" },
    { "id": 113, "name": "Rye" },
    { "id": 113, "name": "Sag Harbor" },
    { "id": 113, "name": "Saranac Lake" },
    { "id": 113, "name": "Saratoga Springs" },
    { "id": 113, "name": "Scarsdale" },
    { "id": 113, "name": "Schenectady" },
    { "id": 113, "name": "Seneca Falls" },
    { "id": 113, "name": "Southampton" },
    { "id": 113, "name": "Staten Island" },
    { "id": 113, "name": "Stony Brook" },
    { "id": 113, "name": "Stony Point" },
    { "id": 113, "name": "Syracuse" },
    { "id": 113, "name": "Tarrytown" },
    { "id": 113, "name": "Ticonderoga" },
    { "id": 113, "name": "Tonawanda" },
    { "id": 113, "name": "Troy" },
    { "id": 113, "name": "Utica" },
    { "id": 113, "name": "Watertown" },
    { "id": 113, "name": "Watervliet" },
    { "id": 113, "name": "Watkins Glen" },
    { "id": 113, "name": "West Seneca" },
    { "id": 113, "name": "White Plains" },
    { "id": 113, "name": "Woodstock" },
    { "id": 113, "name": "Yonkers" },
    { "id": 113, "name": "Asheboro" },
    { "id": 113, "name": "Asheville" },
    { "id": 113, "name": "Bath" },
    { "id": 113, "name": "Beaufort" },
    { "id": 113, "name": "Boone" },
    { "id": 113, "name": "Burlington" },
    { "id": 113, "name": "Chapel Hill" },
    { "id": 113, "name": "Charlotte" },
    { "id": 113, "name": "Concord" },
    { "id": 113, "name": "Durham" },
    { "id": 113, "name": "Edenton" },
    { "id": 113, "name": "Elizabeth City" },
    { "id": 113, "name": "Fayetteville" },
    { "id": 113, "name": "Gastonia" },
    { "id": 113, "name": "Goldsboro" },
    { "id": 113, "name": "Greensboro" },
    { "id": 113, "name": "Greenville" },
    { "id": 113, "name": "Halifax" },
    { "id": 113, "name": "Henderson" },
    { "id": 113, "name": "Hickory" },
    { "id": 113, "name": "High Point" },
    { "id": 113, "name": "Hillsborough" },
    { "id": 113, "name": "Jacksonville" },
    { "id": 113, "name": "Kinston" },
    { "id": 113, "name": "Kitty Hawk" },
    { "id": 113, "name": "Lumberton" },
    { "id": 113, "name": "Morehead City" },
    { "id": 113, "name": "Morganton" },
    { "id": 113, "name": "Nags Head" },
    { "id": 113, "name": "New Bern" },
    { "id": 113, "name": "Pinehurst" },
    { "id": 113, "name": "Raleigh" },
    { "id": 113, "name": "Rocky Mount" },
    { "id": 113, "name": "Salisbury" },
    { "id": 113, "name": "Shelby" },
    { "id": 113, "name": "Washington" },
    { "id": 113, "name": "Wilmington" },
    { "id": 113, "name": "Wilson" },
    { "id": 113, "name": "Winston-Salem" },
    { "id": 113, "name": "Bismarck" },
    { "id": 113, "name": "Devils Lake" },
    { "id": 113, "name": "Dickinson" },
    { "id": 113, "name": "Fargo" },
    { "id": 113, "name": "Grand Forks" },
    { "id": 113, "name": "Jamestown" },
    { "id": 113, "name": "Mandan" },
    { "id": 113, "name": "Minot" },
    { "id": 113, "name": "Rugby" },
    { "id": 113, "name": "Valley City" },
    { "id": 113, "name": "Wahpeton" },
    { "id": 113, "name": "Williston" },
    { "id": 113, "name": "Akron" },
    { "id": 113, "name": "Alliance" },
    { "id": 113, "name": "Ashtabula" },
    { "id": 113, "name": "Athens" },
    { "id": 113, "name": "Barberton" },
    { "id": 113, "name": "Bedford" },
    { "id": 113, "name": "Bellefontaine" },
    { "id": 113, "name": "Bowling Green" },
    { "id": 113, "name": "Canton" },
    { "id": 113, "name": "Chillicothe" },
    { "id": 113, "name": "Cincinnati" },
    { "id": 113, "name": "Cleveland" },
    { "id": 113, "name": "Cleveland Heights" },
    { "id": 113, "name": "Columbus" },
    { "id": 113, "name": "Conneaut" },
    { "id": 113, "name": "Cuyahoga Falls" },
    { "id": 113, "name": "Dayton" },
    { "id": 113, "name": "Defiance" },
    { "id": 113, "name": "Delaware" },
    { "id": 113, "name": "East Cleveland" },
    { "id": 113, "name": "East Liverpool" },
    { "id": 113, "name": "Elyria" },
    { "id": 113, "name": "Euclid" },
    { "id": 113, "name": "Findlay" },
    { "id": 113, "name": "Gallipolis" },
    { "id": 113, "name": "Greenville" },
    { "id": 113, "name": "Hamilton" },
    { "id": 113, "name": "Kent" },
    { "id": 113, "name": "Kettering" },
    { "id": 113, "name": "Lakewood" },
    { "id": 113, "name": "Lancaster" },
    { "id": 113, "name": "Lima" },
    { "id": 113, "name": "Lorain" },
    { "id": 113, "name": "Mansfield" },
    { "id": 113, "name": "Marietta" },
    { "id": 113, "name": "Marion" },
    { "id": 113, "name": "Martins Ferry" },
    { "id": 113, "name": "Massillon" },
    { "id": 113, "name": "Mentor" },
    { "id": 113, "name": "Middletown" },
    { "id": 113, "name": "Milan" },
    { "id": 113, "name": "Mount Vernon" },
    { "id": 113, "name": "New Philadelphia" },
    { "id": 113, "name": "Newark" },
    { "id": 113, "name": "Niles" },
    { "id": 113, "name": "North College Hill" },
    { "id": 113, "name": "Norwalk" },
    { "id": 113, "name": "Oberlin" },
    { "id": 113, "name": "Painesville" },
    { "id": 113, "name": "Parma" },
    { "id": 113, "name": "Piqua" },
    { "id": 113, "name": "Portsmouth" },
    { "id": 113, "name": "Put-in-Bay" },
    { "id": 113, "name": "Salem" },
    { "id": 113, "name": "Sandusky" },
    { "id": 113, "name": "Shaker Heights" },
    { "id": 113, "name": "Springfield" },
    { "id": 113, "name": "Steubenville" },
    { "id": 113, "name": "Tiffin" },
    { "id": 113, "name": "Toledo" },
    { "id": 113, "name": "Urbana" },
    { "id": 113, "name": "Warren" },
    { "id": 113, "name": "Wooster" },
    { "id": 113, "name": "Worthington" },
    { "id": 113, "name": "Xenia" },
    { "id": 113, "name": "Yellow Springs" },
    { "id": 113, "name": "Youngstown" },
    { "id": 113, "name": "Zanesville" },
    { "id": 113, "name": "Ada" },
    { "id": 113, "name": "Altus" },
    { "id": 113, "name": "Alva" },
    { "id": 113, "name": "Anadarko" },
    { "id": 113, "name": "Ardmore" },
    { "id": 113, "name": "Bartlesville" },
    { "id": 113, "name": "Bethany" },
    { "id": 113, "name": "Chickasha" },
    { "id": 113, "name": "Claremore" },
    { "id": 113, "name": "Clinton" },
    { "id": 113, "name": "Cushing" },
    { "id": 113, "name": "Duncan" },
    { "id": 113, "name": "Durant" },
    { "id": 113, "name": "Edmond" },
    { "id": 113, "name": "El Reno" },
    { "id": 113, "name": "Elk City" },
    { "id": 113, "name": "Enid" },
    { "id": 113, "name": "Eufaula" },
    { "id": 113, "name": "Frederick" },
    { "id": 113, "name": "Guthrie" },
    { "id": 113, "name": "Guymon" },
    { "id": 113, "name": "Hobart" },
    { "id": 113, "name": "Holdenville" },
    { "id": 113, "name": "Hugo" },
    { "id": 113, "name": "Lawton" },
    { "id": 113, "name": "McAlester" },
    { "id": 113, "name": "Miami" },
    { "id": 113, "name": "Midwest City" },
    { "id": 113, "name": "Moore" },
    { "id": 113, "name": "Muskogee" },
    { "id": 113, "name": "Norman" },
    { "id": 113, "name": "Oklahoma City" },
    { "id": 113, "name": "Okmulgee" },
    { "id": 113, "name": "Pauls Valley" },
    { "id": 113, "name": "Pawhuska" },
    { "id": 113, "name": "Perry" },
    { "id": 113, "name": "Ponca City" },
    { "id": 113, "name": "Pryor" },
    { "id": 113, "name": "Sallisaw" },
    { "id": 113, "name": "Sand Springs" },
    { "id": 113, "name": "Sapulpa" },
    { "id": 113, "name": "Seminole" },
    { "id": 113, "name": "Shawnee" },
    { "id": 113, "name": "Stillwater" },
    { "id": 113, "name": "Tahlequah" },
    { "id": 113, "name": "The Village" },
    { "id": 113, "name": "Tulsa" },
    { "id": 113, "name": "Vinita" },
    { "id": 113, "name": "Wewoka" },
    { "id": 113, "name": "Woodward" },
    { "id": 113, "name": "Albany" },
    { "id": 113, "name": "Ashland" },
    { "id": 113, "name": "Astoria" },
    { "id": 113, "name": "Baker City" },
    { "id": 113, "name": "Beaverton" },
    { "id": 113, "name": "Bend" },
    { "id": 113, "name": "Brookings" },
    { "id": 113, "name": "Burns" },
    { "id": 113, "name": "Coos Bay" },
    { "id": 113, "name": "Corvallis" },
    { "id": 113, "name": "Eugene" },
    { "id": 113, "name": "Grants Pass" },
    { "id": 113, "name": "Hillsboro" },
    { "id": 113, "name": "Hood River" },
    { "id": 113, "name": "Jacksonville" },
    { "id": 113, "name": "John Day" },
    { "id": 113, "name": "Klamath Falls" },
    { "id": 113, "name": "La Grande" },
    { "id": 113, "name": "Lake Oswego" },
    { "id": 113, "name": "Lakeview" },
    { "id": 113, "name": "McMinnville" },
    { "id": 113, "name": "Medford" },
    { "id": 113, "name": "Newberg" },
    { "id": 113, "name": "Newport" },
    { "id": 113, "name": "Ontario" },
    { "id": 113, "name": "Oregon City" },
    { "id": 113, "name": "Pendleton" },
    { "id": 113, "name": "Port Orford" },
    { "id": 113, "name": "Portland" },
    { "id": 113, "name": "Prineville" },
    { "id": 113, "name": "Redmond" },
    { "id": 113, "name": "Reedsport" },
    { "id": 113, "name": "Roseburg" },
    { "id": 113, "name": "Salem" },
    { "id": 113, "name": "Seaside" },
    { "id": 113, "name": "Springfield" },
    { "id": 113, "name": "The Dalles" },
    { "id": 113, "name": "Tillamook" },
    { "id": 113, "name": "Abington" },
    { "id": 113, "name": "Aliquippa" },
    { "id": 113, "name": "Allentown" },
    { "id": 113, "name": "Altoona" },
    { "id": 113, "name": "Ambridge" },
    { "id": 113, "name": "Bedford" },
    { "id": 113, "name": "Bethlehem" },
    { "id": 113, "name": "Bloomsburg" },
    { "id": 113, "name": "Bradford" },
    { "id": 113, "name": "Bristol" },
    { "id": 113, "name": "Carbondale" },
    { "id": 113, "name": "Carlisle" },
    { "id": 113, "name": "Chambersburg" },
    { "id": 113, "name": "Chester" },
    { "id": 113, "name": "Columbia" },
    { "id": 113, "name": "Easton" },
    { "id": 113, "name": "Erie" },
    { "id": 113, "name": "Franklin" },
    { "id": 113, "name": "Germantown" },
    { "id": 113, "name": "Gettysburg" },
    { "id": 113, "name": "Greensburg" },
    { "id": 113, "name": "Hanover" },
    { "id": 113, "name": "Harmony" },
    { "id": 113, "name": "Harrisburg" },
    { "id": 113, "name": "Hazleton" },
    { "id": 113, "name": "Hershey" },
    { "id": 113, "name": "Homestead" },
    { "id": 113, "name": "Honesdale" },
    { "id": 113, "name": "Indiana" },
    { "id": 113, "name": "Jeannette" },
    { "id": 113, "name": "Jim Thorpe" },
    { "id": 113, "name": "Johnstown" },
    { "id": 113, "name": "Lancaster" },
    { "id": 113, "name": "Lebanon" },
    { "id": 113, "name": "Levittown" },
    { "id": 113, "name": "Lewistown" },
    { "id": 113, "name": "Lock Haven" },
    { "id": 113, "name": "Lower Southampton" },
    { "id": 113, "name": "McKeesport" },
    { "id": 113, "name": "Meadville" },
    { "id": 113, "name": "Middletown" },
    { "id": 113, "name": "Monroeville" },
    { "id": 113, "name": "Nanticoke" },
    { "id": 113, "name": "New Castle" },
    { "id": 113, "name": "New Hope" },
    { "id": 113, "name": "New Kensington" },
    { "id": 113, "name": "Norristown" },
    { "id": 113, "name": "Oil City" },
    { "id": 113, "name": "Philadelphia" },
    { "id": 113, "name": "Phoenixville" },
    { "id": 113, "name": "Pittsburgh" },
    { "id": 113, "name": "Pottstown" },
    { "id": 113, "name": "Pottsville" },
    { "id": 113, "name": "Reading" },
    { "id": 113, "name": "Scranton" },
    { "id": 113, "name": "Shamokin" },
    { "id": 113, "name": "Sharon" },
    { "id": 113, "name": "State College" },
    { "id": 113, "name": "Stroudsburg" },
    { "id": 113, "name": "Sunbury" },
    { "id": 113, "name": "Swarthmore" },
    { "id": 113, "name": "Tamaqua" },
    { "id": 113, "name": "Titusville" },
    { "id": 113, "name": "Uniontown" },
    { "id": 113, "name": "Warren" },
    { "id": 113, "name": "Washington" },
    { "id": 113, "name": "West Chester" },
    { "id": 113, "name": "Wilkes-Barre" },
    { "id": 113, "name": "Williamsport" },
    { "id": 113, "name": "York" },
    { "id": 113, "name": "Barrington" },
    { "id": 113, "name": "Bristol" },
    { "id": 113, "name": "Central Falls" },
    { "id": 113, "name": "Cranston" },
    { "id": 113, "name": "East Greenwich" },
    { "id": 113, "name": "East Providence" },
    { "id": 113, "name": "Kingston" },
    { "id": 113, "name": "Middletown" },
    { "id": 113, "name": "Narragansett" },
    { "id": 113, "name": "Newport" },
    { "id": 113, "name": "North Kingstown" },
    { "id": 113, "name": "Pawtucket" },
    { "id": 113, "name": "Portsmouth" },
    { "id": 113, "name": "Providence" },
    { "id": 113, "name": "South Kingstown" },
    { "id": 113, "name": "Tiverton" },
    { "id": 113, "name": "Warren" },
    { "id": 113, "name": "Warwick" },
    { "id": 113, "name": "Westerly" },
    { "id": 113, "name": "Wickford" },
    { "id": 113, "name": "Woonsocket" },
    { "id": 113, "name": "Abbeville" },
    { "id": 113, "name": "Aiken" },
    { "id": 113, "name": "Anderson" },
    { "id": 113, "name": "Beaufort" },
    { "id": 113, "name": "Camden" },
    { "id": 113, "name": "Charleston" },
    { "id": 113, "name": "Columbia" },
    { "id": 113, "name": "Darlington" },
    { "id": 113, "name": "Florence" },
    { "id": 113, "name": "Gaffney" },
    { "id": 113, "name": "Georgetown" },
    { "id": 113, "name": "Greenville" },
    { "id": 113, "name": "Greenwood" },
    { "id": 113, "name": "Hartsville" },
    { "id": 113, "name": "Lancaster" },
    { "id": 113, "name": "Mount Pleasant" },
    { "id": 113, "name": "Myrtle Beach" },
    { "id": 113, "name": "Orangeburg" },
    { "id": 113, "name": "Rock Hill" },
    { "id": 113, "name": "Spartanburg" },
    { "id": 113, "name": "Sumter" },
    { "id": 113, "name": "Union" },
    { "id": 113, "name": "Aberdeen" },
    { "id": 113, "name": "Belle Fourche" },
    { "id": 113, "name": "Brookings" },
    { "id": 113, "name": "Canton" },
    { "id": 113, "name": "Custer" },
    { "id": 113, "name": "De Smet" },
    { "id": 113, "name": "Deadwood" },
    { "id": 113, "name": "Hot Springs" },
    { "id": 113, "name": "Huron" },
    { "id": 113, "name": "Lead" },
    { "id": 113, "name": "Madison" },
    { "id": 113, "name": "Milbank" },
    { "id": 113, "name": "Mitchell" },
    { "id": 113, "name": "Mobridge" },
    { "id": 113, "name": "Pierre" },
    { "id": 113, "name": "Rapid City" },
    { "id": 113, "name": "Sioux Falls" },
    { "id": 113, "name": "Spearfish" },
    { "id": 113, "name": "Sturgis" },
    { "id": 113, "name": "Vermillion" },
    { "id": 113, "name": "Watertown" },
    { "id": 113, "name": "Yankton" },
    { "id": 113, "name": "Alcoa" },
    { "id": 113, "name": "Athens" },
    { "id": 113, "name": "Chattanooga" },
    { "id": 113, "name": "Clarksville" },
    { "id": 113, "name": "Cleveland" },
    { "id": 113, "name": "Columbia" },
    { "id": 113, "name": "Cookeville" },
    { "id": 113, "name": "Dayton" },
    { "id": 113, "name": "Elizabethton" },
    { "id": 113, "name": "Franklin" },
    { "id": 113, "name": "Gallatin" },
    { "id": 113, "name": "Gatlinburg" },
    { "id": 113, "name": "Greeneville" },
    { "id": 113, "name": "Jackson" },
    { "id": 113, "name": "Johnson City" },
    { "id": 113, "name": "Jonesborough" },
    { "id": 113, "name": "Kingsport" },
    { "id": 113, "name": "Knoxville" },
    { "id": 113, "name": "Lebanon" },
    { "id": 113, "name": "Maryville" },
    { "id": 113, "name": "Memphis" },
    { "id": 113, "name": "Morristown" },
    { "id": 113, "name": "Murfreesboro" },
    { "id": 113, "name": "Nashville" },
    { "id": 113, "name": "Norris" },
    { "id": 113, "name": "Oak Ridge" },
    { "id": 113, "name": "Shelbyville" },
    { "id": 113, "name": "Tullahoma" },
    { "id": 113, "name": "Abilene" },
    { "id": 113, "name": "Alpine" },
    { "id": 113, "name": "Amarillo" },
    { "id": 113, "name": "Arlington" },
    { "id": 113, "name": "Austin" },
    { "id": 113, "name": "Baytown" },
    { "id": 113, "name": "Beaumont" },
    { "id": 113, "name": "Big Spring" },
    { "id": 113, "name": "Borger" },
    { "id": 113, "name": "Brownsville" },
    { "id": 113, "name": "Bryan" },
    { "id": 113, "name": "Canyon" },
    { "id": 113, "name": "Cleburne" },
    { "id": 113, "name": "College Station" },
    { "id": 113, "name": "Corpus Christi" },
    { "id": 113, "name": "Crystal City" },
    { "id": 113, "name": "Dallas" },
    { "id": 113, "name": "Del Rio" },
    { "id": 113, "name": "Denison" },
    { "id": 113, "name": "Denton" },
    { "id": 113, "name": "Eagle Pass" },
    { "id": 113, "name": "Edinburg" },
    { "id": 113, "name": "El Paso" },
    { "id": 113, "name": "Fort Worth" },
    { "id": 113, "name": "Freeport" },
    { "id": 113, "name": "Galveston" },
    { "id": 113, "name": "Garland" },
    { "id": 113, "name": "Goliad" },
    { "id": 113, "name": "Greenville" },
    { "id": 113, "name": "Harlingen" },
    { "id": 113, "name": "Houston" },
    { "id": 113, "name": "Huntsville" },
    { "id": 113, "name": "Irving" },
    { "id": 113, "name": "Johnson City" },
    { "id": 113, "name": "Kilgore" },
    { "id": 113, "name": "Killeen" },
    { "id": 113, "name": "Kingsville" },
    { "id": 113, "name": "Laredo" },
    { "id": 113, "name": "Longview" },
    { "id": 113, "name": "Lubbock" },
    { "id": 113, "name": "Lufkin" },
    { "id": 113, "name": "Marshall" },
    { "id": 113, "name": "McAllen" },
    { "id": 113, "name": "McKinney" },
    { "id": 113, "name": "Mesquite" },
    { "id": 113, "name": "Midland" },
    { "id": 113, "name": "Mission" },
    { "id": 113, "name": "Nacogdoches" },
    { "id": 113, "name": "New Braunfels" },
    { "id": 113, "name": "Odessa" },
    { "id": 113, "name": "Orange" },
    { "id": 113, "name": "Pampa" },
    { "id": 113, "name": "Paris" },
    { "id": 113, "name": "Pasadena" },
    { "id": 113, "name": "Pecos" },
    { "id": 113, "name": "Pharr" },
    { "id": 113, "name": "Plainview" },
    { "id": 113, "name": "Plano" },
    { "id": 113, "name": "Port Arthur" },
    { "id": 113, "name": "Port Lavaca" },
    { "id": 113, "name": "Richardson" },
    { "id": 113, "name": "San Angelo" },
    { "id": 113, "name": "San Antonio" },
    { "id": 113, "name": "San Felipe" },
    { "id": 113, "name": "San Marcos" },
    { "id": 113, "name": "Sherman" },
    { "id": 113, "name": "Sweetwater" },
    { "id": 113, "name": "Temple" },
    { "id": 113, "name": "Texarkana" },
    { "id": 113, "name": "Texas City" },
    { "id": 113, "name": "Tyler" },
    { "id": 113, "name": "Uvalde" },
    { "id": 113, "name": "Victoria" },
    { "id": 113, "name": "Waco" },
    { "id": 113, "name": "Weatherford" },
    { "id": 113, "name": "Wichita Falls" },
    { "id": 113, "name": "Ysleta" },
    { "id": 113, "name": "Alta" },
    { "id": 113, "name": "American Fork" },
    { "id": 113, "name": "Bountiful" },
    { "id": 113, "name": "Brigham City" },
    { "id": 113, "name": "Cedar City" },
    { "id": 113, "name": "Clearfield" },
    { "id": 113, "name": "Delta" },
    { "id": 113, "name": "Fillmore" },
    { "id": 113, "name": "Green River" },
    { "id": 113, "name": "Heber City" },
    { "id": 113, "name": "Kanab" },
    { "id": 113, "name": "Layton" },
    { "id": 113, "name": "Lehi" },
    { "id": 113, "name": "Logan" },
    { "id": 113, "name": "Manti" },
    { "id": 113, "name": "Moab" },
    { "id": 113, "name": "Monticello" },
    { "id": 113, "name": "Murray" },
    { "id": 113, "name": "Nephi" },
    { "id": 113, "name": "Ogden" },
    { "id": 113, "name": "Orderville" },
    { "id": 113, "name": "Orem" },
    { "id": 113, "name": "Panguitch" },
    { "id": 113, "name": "Park City" },
    { "id": 113, "name": "Payson" },
    { "id": 113, "name": "Price" },
    { "id": 113, "name": "Provo" },
    { "id": 113, "name": "Saint George" },
    { "id": 113, "name": "Salt Lake City" },
    { "id": 113, "name": "Spanish Fork" },
    { "id": 113, "name": "Springville" },
    { "id": 113, "name": "Tooele" },
    { "id": 113, "name": "Vernal" },
    { "id": 113, "name": "Barre" },
    { "id": 113, "name": "Bellows Falls" },
    { "id": 113, "name": "Bennington" },
    { "id": 113, "name": "Brattleboro" },
    { "id": 113, "name": "Burlington" },
    { "id": 113, "name": "Essex" },
    { "id": 113, "name": "Manchester" },
    { "id": 113, "name": "Middlebury" },
    { "id": 113, "name": "Montpelier" },
    { "id": 113, "name": "Newport" },
    { "id": 113, "name": "Plymouth" },
    { "id": 113, "name": "Rutland" },
    { "id": 113, "name": "Saint Albans" },
    { "id": 113, "name": "Saint Johnsbury" },
    { "id": 113, "name": "Sharon" },
    { "id": 113, "name": "Winooski" },
    { "id": 113, "name": "Abingdon" },
    { "id": 113, "name": "Alexandria" },
    { "id": 113, "name": "Bristol" },
    { "id": 113, "name": "Charlottesville" },
    { "id": 113, "name": "Chesapeake" },
    { "id": 113, "name": "Danville" },
    { "id": 113, "name": "Fairfax" },
    { "id": 113, "name": "Falls Church" },
    { "id": 113, "name": "Fredericksburg" },
    { "id": 113, "name": "Hampton" },
    { "id": 113, "name": "Hanover" },
    { "id": 113, "name": "Hopewell" },
    { "id": 113, "name": "Lexington" },
    { "id": 113, "name": "Lynchburg" },
    { "id": 113, "name": "Manassas" },
    { "id": 113, "name": "Martinsville" },
    { "id": 113, "name": "New Market" },
    { "id": 113, "name": "Newport News" },
    { "id": 113, "name": "Norfolk" },
    { "id": 113, "name": "Petersburg" },
    { "id": 113, "name": "Portsmouth" },
    { "id": 113, "name": "Reston" },
    { "id": 113, "name": "Richmond" },
    { "id": 113, "name": "Roanoke" },
    { "id": 113, "name": "Staunton" },
    { "id": 113, "name": "Suffolk" },
    { "id": 113, "name": "Virginia Beach" },
    { "id": 113, "name": "Waynesboro" },
    { "id": 113, "name": "Williamsburg" },
    { "id": 113, "name": "Winchester" },
    { "id": 113, "name": "Aberdeen" },
    { "id": 113, "name": "Anacortes" },
    { "id": 113, "name": "Auburn" },
    { "id": 113, "name": "Bellevue" },
    { "id": 113, "name": "Bellingham" },
    { "id": 113, "name": "Bremerton" },
    { "id": 113, "name": "Centralia" },
    { "id": 113, "name": "Coulee Dam" },
    { "id": 113, "name": "Coupeville" },
    { "id": 113, "name": "Ellensburg" },
    { "id": 113, "name": "Ephrata" },
    { "id": 113, "name": "Everett" },
    { "id": 113, "name": "Hoquiam" },
    { "id": 113, "name": "Kelso" },
    { "id": 113, "name": "Kennewick" },
    { "id": 113, "name": "Longview" },
    { "id": 113, "name": "Moses Lake" },
    { "id": 113, "name": "Oak Harbor" },
    { "id": 113, "name": "Olympia" },
    { "id": 113, "name": "Pasco" },
    { "id": 113, "name": "Point Roberts" },
    { "id": 113, "name": "Port Angeles" },
    { "id": 113, "name": "Pullman" },
    { "id": 113, "name": "Puyallup" },
    { "id": 113, "name": "Redmond" },
    { "id": 113, "name": "Renton" },
    { "id": 113, "name": "Richland" },
    { "id": 113, "name": "Seattle" },
    { "id": 113, "name": "Spokane" },
    { "id": 113, "name": "Tacoma" },
    { "id": 113, "name": "Vancouver" },
    { "id": 113, "name": "Walla Walla" },
    { "id": 113, "name": "Wenatchee" },
    { "id": 113, "name": "Yakima" },
    { "id": 113, "name": "Bath" },
    { "id": 113, "name": "Beckley" },
    { "id": 113, "name": "Bluefield" },
    { "id": 113, "name": "Buckhannon" },
    { "id": 113, "name": "Charles Town" },
    { "id": 113, "name": "Charleston" },
    { "id": 113, "name": "Clarksburg" },
    { "id": 113, "name": "Elkins" },
    { "id": 113, "name": "Fairmont" },
    { "id": 113, "name": "Grafton" },
    { "id": 113, "name": "Harpers Ferry" },
    { "id": 113, "name": "Hillsboro" },
    { "id": 113, "name": "Hinton" },
    { "id": 113, "name": "Huntington" },
    { "id": 113, "name": "Keyser" },
    { "id": 113, "name": "Lewisburg" },
    { "id": 113, "name": "Logan" },
    { "id": 113, "name": "Martinsburg" },
    { "id": 113, "name": "Morgantown" },
    { "id": 113, "name": "Moundsville" },
    { "id": 113, "name": "New Martinsville" },
    { "id": 113, "name": "Parkersburg" },
    { "id": 113, "name": "Philippi" },
    { "id": 113, "name": "Point Pleasant" },
    { "id": 113, "name": "Princeton" },
    { "id": 113, "name": "Romney" },
    { "id": 113, "name": "Shepherdstown" },
    { "id": 113, "name": "South Charleston" },
    { "id": 113, "name": "Summersville" },
    { "id": 113, "name": "Weirton" },
    { "id": 113, "name": "Welch" },
    { "id": 113, "name": "Wellsburg" },
    { "id": 113, "name": "Weston" },
    { "id": 113, "name": "Wheeling" },
    { "id": 113, "name": "White Sulphur Springs" },
    { "id": 113, "name": "Williamson" },
    { "id": 113, "name": "Appleton" },
    { "id": 113, "name": "Ashland" },
    { "id": 113, "name": "Baraboo" },
    { "id": 113, "name": "Belmont" },
    { "id": 113, "name": "Beloit" },
    { "id": 113, "name": "Eau Claire" },
    { "id": 113, "name": "Fond du Lac" },
    { "id": 113, "name": "Green Bay" },
    { "id": 113, "name": "Hayward" },
    { "id": 113, "name": "Janesville" },
    { "id": 113, "name": "Kenosha" },
    { "id": 113, "name": "La Crosse" },
    { "id": 113, "name": "Lake Geneva" },
    { "id": 113, "name": "Madison" },
    { "id": 113, "name": "Manitowoc" },
    { "id": 113, "name": "Marinette" },
    { "id": 113, "name": "Menasha" },
    { "id": 113, "name": "Milwaukee" },
    { "id": 113, "name": "Neenah" },
    { "id": 113, "name": "New Glarus" },
    { "id": 113, "name": "Oconto" },
    { "id": 113, "name": "Oshkosh" },
    { "id": 113, "name": "Peshtigo" },
    { "id": 113, "name": "Portage" },
    { "id": 113, "name": "Prairie du Chien" },
    { "id": 113, "name": "Racine" },
    { "id": 113, "name": "Rhinelander" },
    { "id": 113, "name": "Ripon" },
    { "id": 113, "name": "Sheboygan" },
    { "id": 113, "name": "Spring Green" },
    { "id": 113, "name": "Stevens Point" },
    { "id": 113, "name": "Sturgeon Bay" },
    { "id": 113, "name": "Superior" },
    { "id": 113, "name": "Waukesha" },
    { "id": 113, "name": "Wausau" },
    { "id": 113, "name": "Wauwatosa" },
    { "id": 113, "name": "West Allis" },
    { "id": 113, "name": "West Bend" },
    { "id": 113, "name": "Wisconsin Dells" },
    { "id": 113, "name": "Buffalo" },
    { "id": 113, "name": "Casper" },
    { "id": 113, "name": "Cheyenne" },
    { "id": 113, "name": "Cody" },
    { "id": 113, "name": "Douglas" },
    { "id": 113, "name": "Evanston" },
    { "id": 113, "name": "Gillette" },
    { "id": 113, "name": "Green River" },
    { "id": 113, "name": "Jackson" },
    { "id": 113, "name": "Lander" },
    { "id": 113, "name": "Laramie" },
    { "id": 113, "name": "Newcastle" },
    { "id": 113, "name": "Powell" },
    { "id": 113, "name": "Rawlins" },
    { "id": 113, "name": "Riverton" },
    { "id": 113, "name": "Rock Springs" },
    { "id": 113, "name": "Sheridan" },
    { "id": 113, "name": "Ten Sleep" },
    { "id": 113, "name": "Thermopolis" },
    { "id": 113, "name": "Torrington" },
    { "id": 113, "name": "Worland" }
  ]
}
